zone,carbon_intensity,schedule_temperature,schedule_pressure,schedule_speed,schedule_feed_rate,schedule_humidity,schedule_pred_yield,schedule_pred_quality,schedule_pred_energy,schedule_pred_carbon,schedule_material_density,schedule_material_hardness,schedule_material_grade
LOW,50.0,338.19392275124005,9.908187745830585,533.6963269021528,0.1982072737314472,28.483918502831543,0.9473333954811096,0.689296543598175,376.4743347167969,113.60011763886308,4.49045850474768,54.7473270861869,1.9985
MEDIUM,250.0,281.2463793683075,7.203171863491563,525.8207212516504,0.2036410800372718,38.60039008531755,0.9101837277412416,0.6231749653816223,299.2039489746094,90.2839866284556,4.49045850474768,54.7473270861869,1.9985
HIGH,500.0,172.48810086952233,1.1839930144307442,528.4578863323898,0.2032932427244821,40.32195826988187,0.7436838746070862,0.4462015628814697,186.9077606201172,56.39891391277474,4.49045850474768,54.7473270861869,1.9985
